parameter,value
learning_rate,0.04931007108279311
iterations,264.0
depth,4.0
l2_leaf_reg,1.0107760840105564
bagging_temperature,0.631941552388384
border_count,180.0
random_strength,0.12467641431778471
