model,mean_auc_roc,std_auc_roc,mean_accuracy,std_accuracy,mean_f1,std_f1,mean_precision,std_precision,mean_recall,std_recall
CatBoost_Baseline,0.930619,0.006491,0.89375,0.008362,0.72207,0.023956,0.784417,0.02307,0.669344,0.029692
CatBoost_Tuned,0.932904,0.006066,0.896333,0.008537,0.723431,0.02648,0.804106,0.021901,0.658029,0.03411
Delta (Tuned - Baseline),0.002285,,0.002583,,0.001361,,0.019689,,-0.011315,
