model,mean_auc_roc,std_auc_roc,mean_accuracy,std_accuracy,mean_f1,std_f1,mean_precision,std_precision,mean_recall,std_recall
CatBoost_Baseline,0.930619,0.006491,0.89375,0.008362,0.72207,0.023956,0.784417,0.02307,0.669344,0.029692
CatBoost_Tuned,0.933137,0.005827,0.89675,0.007185,0.725387,0.022813,0.803406,0.017531,0.661667,0.030594
Delta (Tuned - Baseline),0.002518,,0.003,,0.003317,,0.018989,,-0.007677,
