model,fold,auc_roc
XGBoost,1,0.925064
XGBoost,2,0.916189
XGBoost,3,0.923413
XGBoost,4,0.923622
XGBoost,5,0.91126
KNN,1,0.889962
KNN,2,0.879515
KNN,3,0.886981
KNN,4,0.88402
KNN,5,0.865312
LightGBM,1,0.935709
LightGBM,2,0.925433
LightGBM,3,0.931121
LightGBM,4,0.928231
LightGBM,5,0.917332
CatBoost,1,0.933891
CatBoost,2,0.931146
CatBoost,3,0.936544
CatBoost,4,0.933416
CatBoost,5,0.9181
