model,mean_auc,std_auc,fold_1,fold_2,fold_3,fold_4,fold_5
XGBoost,0.919909,0.005316,0.925064,0.916189,0.923413,0.923622,0.91126
KNN,0.881158,0.008642,0.889962,0.879515,0.886981,0.88402,0.865312
LightGBM,0.927565,0.006143,0.935709,0.925433,0.931121,0.928231,0.917332
CatBoost,0.930619,0.006491,0.933891,0.931146,0.936544,0.933416,0.9181
