feature,mean_abs_shap
num__NumOfProducts,1.2305504773881661
num__Age,1.02999707005445
remainder__IsActiveMember,0.5097858423507173
cat__Gender_Male,0.3926713152451391
cat__Geography_Germany,0.32198517524031817
num__Balance,0.20731845640713756
num__CreditScore,0.09585801432337517
num__EstimatedSalary,0.067667638939396
num__Tenure,0.05594987606494405
remainder__HasCrCard,0.009008728504942613
cat__Geography_Spain,0.00394461961587854
