feature,mean_abs_shap
num__NumOfProducts,1.2540344940551358
num__Age,1.05651054698523
remainder__IsActiveMember,0.5324293782712766
cat__Gender_Male,0.4121832023932322
cat__Geography_Germany,0.31534344713581647
num__Balance,0.2160218474354925
num__CreditScore,0.10970369660341282
num__EstimatedSalary,0.0908056560628151
num__Tenure,0.07173345372164637
remainder__HasCrCard,0.010803010665552523
cat__Geography_Spain,0.004573904175088225
